{
  "project_info": {
    "project_number": "778186286264",
    "project_id": "mybarrioappproject",
    "storage_bucket": "mybarrioappproject.appspot.com"
  },
  "client": [
    {
      "client_info": {
        "mobilesdk_app_id": "1:778186286264:android:0e211467bab6dbd9ee004d",
        "android_client_info": {
          "package_name": "edu.uelbosque.rapiapp.rapi_app"
        }
      },
      "oauth_client": [
        {
          "client_id": "778186286264-qb90k1pss2uchruf0mfsiqdqjnpmu4cp.apps.googleusercontent.com",
          "client_type": 3
        }
      ],
      "api_key": [
        {
          "current_key": "AIzaSyDfIbgSTk83hAnYD_dVmM8tO4V6EECaTNA"
        }
      ],
      "services": {
        "appinvite_service": {
          "other_platform_oauth_client": [
            {
              "client_id": "778186286264-qb90k1pss2uchruf0mfsiqdqjnpmu4cp.apps.googleusercontent.com",
              "client_type": 3
            }
          ]
        }
      }
    }
  ],
  "configuration_version": "1"
}